{"cameraMode":{"drawMode":0,"name":"Shaded","section":"Shading Mode"},"sceneLighting":false,"audioPlay":false,"sceneViewState":{"m_AlwaysRefresh":false,"showFog":true,"showSkybox":false,"showFlares":true,"showImageEffects":true,"showParticleSystems":true,"showVisualEffectGraphs":true,"m_FxEnabled":true},"in2DMode":false,"pivot":{"x":2.3699991703033449,"y":0.030000001192092897,"z":-8.427301406860352},"rotation":{"x":-0.19046950340270997,"y":0.18026822805404664,"z":-0.03562033548951149,"w":-0.9643698334693909},"size":2.223806381225586,"orthographic":false}