{"cameraMode":{"drawMode":0,"name":"Shaded","section":"Shading Mode"},"sceneLighting":true,"audioPlay":false,"sceneViewState":{"m_AlwaysRefresh":false,"showFog":true,"showSkybox":true,"showFlares":true,"showImageEffects":true,"showParticleSystems":true,"showVisualEffectGraphs":true,"m_FxEnabled":true},"in2DMode":false,"pivot":{"x":19.269075393676759,"y":-166.0814666748047,"z":225.8872833251953},"rotation":{"x":-0.3239697813987732,"y":-0.021007968112826349,"z":0.0071858554147183899,"w":-0.9458273649215698},"size":155.62762451171876,"orthographic":false}