{"cameraMode":{"drawMode":0,"name":"Shaded","section":"Shading Mode"},"sceneLighting":true,"audioPlay":false,"sceneViewState":{"m_AlwaysRefresh":false,"showFog":true,"showSkybox":true,"showFlares":true,"showImageEffects":true,"showParticleSystems":true,"showVisualEffectGraphs":true,"m_FxEnabled":true},"in2DMode":false,"pivot":{"x":-34.503055572509769,"y":-171.9597930908203,"z":219.24420166015626},"rotation":{"x":-0.31466248631477358,"y":0.0699610784649849,"z":-0.023271849378943445,"w":-0.9463561773300171},"size":150.13836669921876,"orthographic":false}